,train_acc,train_loss,val_acc,val_loss
0,0.022953328232593724,5.691301914600352,0.053475935828877004,4.827964555770955
1,0.20734506503442998,3.663613355150639,0.0855614973262032,4.540731190360166
2,0.43305279265493496,2.6755828849213126,0.11586452762923351,4.380811196597502
3,0.6312165263963274,1.9585251162867556,0.1354723707664884,4.297104825310528
4,0.7704667176740627,1.4214315032721843,0.142602495543672,4.252590075746152
5,0.8500382555470543,1.045865437299492,0.1550802139037433,4.253610627111479
6,0.899770466717674,0.7759834576423786,0.1639928698752228,4.268303960402382
